[
  { "name": "Paris", "postcode": "75000", "department": "Paris", "lat": 48.8566, "lon": 2.3522, "type": "city" },
  {
    "name": "Paris 1er Arrondissement",
    "postcode": "75001",
    "department": "Paris",
    "lat": 48.8631,
    "lon": 2.3364,
    "type": "arrondissement"
  },
  { "name": "Paris 2e Arrondissement", "postcode": "75002", "department": "Paris", "lat": 48.8679, "lon": 2.341, "type": "arrondissement" },
  { "name": "Paris 3e Arrondissement", "postcode": "75003", "department": "Paris", "lat": 48.863, "lon": 2.3633, "type": "arrondissement" },
  { "name": "Paris 4e Arrondissement", "postcode": "75004", "department": "Paris", "lat": 48.8546, "lon": 2.359, "type": "arrondissement" },
  {
    "name": "Paris 5e Arrondissement",
    "postcode": "75005",
    "department": "Paris",
    "lat": 48.8445,
    "lon": 2.3444,
    "type": "arrondissement"
  },
  {
    "name": "Paris 6e Arrondissement",
    "postcode": "75006",
    "department": "Paris",
    "lat": 48.8509,
    "lon": 2.3306,
    "type": "arrondissement"
  },
  { "name": "Paris 7e Arrondissement", "postcode": "75007", "department": "Paris", "lat": 48.8562, "lon": 2.316, "type": "arrondissement" },
  {
    "name": "Paris 8e Arrondissement",
    "postcode": "75008",
    "department": "Paris",
    "lat": 48.8738,
    "lon": 2.3111,
    "type": "arrondissement"
  },
  {
    "name": "Paris 9e Arrondissement",
    "postcode": "75009",
    "department": "Paris",
    "lat": 48.8768,
    "lon": 2.3389,
    "type": "arrondissement"
  },
  {
    "name": "Paris 10e Arrondissement",
    "postcode": "75010",
    "department": "Paris",
    "lat": 48.876,
    "lon": 2.3602,
    "type": "arrondissement"
  },
  {
    "name": "Paris 11e Arrondissement",
    "postcode": "75011",
    "department": "Paris",
    "lat": 48.8594,
    "lon": 2.3808,
    "type": "arrondissement"
  },
  {
    "name": "Paris 12e Arrondissement",
    "postcode": "75012",
    "department": "Paris",
    "lat": 48.8412,
    "lon": 2.388,
    "type": "arrondissement"
  },
  {
    "name": "Paris 13e Arrondissement",
    "postcode": "75013",
    "department": "Paris",
    "lat": 48.8322,
    "lon": 2.3561,
    "type": "arrondissement"
  },
  {
    "name": "Paris 14e Arrondissement",
    "postcode": "75014",
    "department": "Paris",
    "lat": 48.8333,
    "lon": 2.3272,
    "type": "arrondissement"
  },
  {
    "name": "Paris 15e Arrondissement",
    "postcode": "75015",
    "department": "Paris",
    "lat": 48.8401,
    "lon": 2.2975,
    "type": "arrondissement"
  },
  {
    "name": "Paris 16e Arrondissement",
    "postcode": "75016",
    "department": "Paris",
    "lat": 48.8636,
    "lon": 2.2686,
    "type": "arrondissement"
  },
  {
    "name": "Paris 17e Arrondissement",
    "postcode": "75017",
    "department": "Paris",
    "lat": 48.8873,
    "lon": 2.3147,
    "type": "arrondissement"
  },
  {
    "name": "Paris 18e Arrondissement",
    "postcode": "75018",
    "department": "Paris",
    "lat": 48.8927,
    "lon": 2.3445,
    "type": "arrondissement"
  },
  {
    "name": "Paris 19e Arrondissement",
    "postcode": "75019",
    "department": "Paris",
    "lat": 48.8866,
    "lon": 2.3843,
    "type": "arrondissement"
  },
  {
    "name": "Paris 20e Arrondissement",
    "postcode": "75020",
    "department": "Paris",
    "lat": 48.8647,
    "lon": 2.3989,
    "type": "arrondissement"
  },
  { "name": "Marseille", "postcode": "13000", "department": "Bouches-du-Rhône", "lat": 43.2965, "lon": 5.3698, "type": "city" },
  { "name": "Lyon", "postcode": "69000", "department": "Rhône", "lat": 45.764, "lon": 4.8357, "type": "city" },
  { "name": "Toulouse", "postcode": "31000", "department": "Haute-Garonne", "lat": 43.6047, "lon": 1.4442, "type": "city" },
  { "name": "Nice", "postcode": "06000", "department": "Alpes-Maritimes", "lat": 43.7102, "lon": 7.262, "type": "city" },
  { "name": "Nantes", "postcode": "44000", "department": "Loire-Atlantique", "lat": 47.2184, "lon": -1.5536, "type": "city" },
  { "name": "Montpellier", "postcode": "34000", "department": "Hérault", "lat": 43.6108, "lon": 3.8767, "type": "city" },
  { "name": "Strasbourg", "postcode": "67000", "department": "Bas-Rhin", "lat": 48.5734, "lon": 7.7521, "type": "city" },
  { "name": "Bordeaux", "postcode": "33000", "department": "Gironde", "lat": 44.8378, "lon": -0.5792, "type": "city" },
  { "name": "Lille", "postcode": "59000", "department": "Nord", "lat": 50.6292, "lon": 3.0573, "type": "city" },
  { "name": "Rennes", "postcode": "35000", "department": "Ille-et-Vilaine", "lat": 48.1173, "lon": -1.6778, "type": "city" },
  { "name": "Reims", "postcode": "51100", "department": "Marne", "lat": 49.2583, "lon": 4.0317, "type": "city" },
  { "name": "Toulon", "postcode": "83000", "department": "Var", "lat": 43.1242, "lon": 5.928, "type": "city" },
  { "name": "Saint-Étienne", "postcode": "42000", "department": "Loire", "lat": 45.4397, "lon": 4.3872, "type": "city" },
  { "name": "Le Havre", "postcode": "76600", "department": "Seine-Maritime", "lat": 49.4944, "lon": 0.1079, "type": "city" },
  { "name": "Grenoble", "postcode": "38000", "department": "Isère", "lat": 45.1885, "lon": 5.7245, "type": "city" },
  { "name": "Dijon", "postcode": "21000", "department": "Côte-d'Or", "lat": 47.322, "lon": 5.0415, "type": "city" },
  { "name": "Angers", "postcode": "49000", "department": "Maine-et-Loire", "lat": 47.4784, "lon": -0.5632, "type": "city" },
  { "name": "Nîmes", "postcode": "30000", "department": "Gard", "lat": 43.8367, "lon": 4.3601, "type": "city" },
  { "name": "Villeurbanne", "postcode": "69100", "department": "Rhône", "lat": 45.7667, "lon": 4.8833, "type": "city" },
  { "name": "Clermont-Ferrand", "postcode": "63000", "department": "Puy-de-Dôme", "lat": 45.7772, "lon": 3.087, "type": "city" },
  { "name": "Le Mans", "postcode": "72000", "department": "Sarthe", "lat": 48.0077, "lon": 0.1984, "type": "city" },
  { "name": "Aix-en-Provence", "postcode": "13100", "department": "Bouches-du-Rhône", "lat": 43.5297, "lon": 5.4474, "type": "city" },
  { "name": "Brest", "postcode": "29200", "department": "Finistère", "lat": 48.3905, "lon": -4.4861, "type": "city" },
  { "name": "Tours", "postcode": "37000", "department": "Indre-et-Loire", "lat": 47.3941, "lon": 0.6848, "type": "city" },
  { "name": "Amiens", "postcode": "80000", "department": "Somme", "lat": 49.8941, "lon": 2.2958, "type": "city" },
  { "name": "Limoges", "postcode": "87000", "department": "Haute-Vienne", "lat": 45.8336, "lon": 1.2611, "type": "city" },
  { "name": "Annecy", "postcode": "74000", "department": "Haute-Savoie", "lat": 45.8992, "lon": 6.1294, "type": "city" },
  { "name": "Perpignan", "postcode": "66000", "department": "Pyrénées-Orientales", "lat": 42.6886, "lon": 2.8948, "type": "city" },
  { "name": "Boulogne-Billancourt", "postcode": "92100", "department": "Hauts-de-Seine", "lat": 48.8352, "lon": 2.24, "type": "city" },
  { "name": "Orléans", "postcode": "45000", "department": "Loiret", "lat": 47.9029, "lon": 1.9093, "type": "city" },
  { "name": "Besançon", "postcode": "25000", "department": "Doubs", "lat": 47.238, "lon": 6.0243, "type": "city" },
  { "name": "Metz", "postcode": "57000", "department": "Moselle", "lat": 49.1193, "lon": 6.1757, "type": "city" },
  { "name": "Rouen", "postcode": "76000", "department": "Seine-Maritime", "lat": 49.4432, "lon": 1.0993, "type": "city" },
  { "name": "Mulhouse", "postcode": "68100", "department": "Haut-Rhin", "lat": 47.7508, "lon": 7.3359, "type": "city" },
  { "name": "Caen", "postcode": "14000", "department": "Calvados", "lat": 49.1829, "lon": -0.3707, "type": "city" },
  { "name": "Nancy", "postcode": "54000", "department": "Meurthe-et-Moselle", "lat": 48.6921, "lon": 6.1844, "type": "city" },
  { "name": "Argenteuil", "postcode": "95100", "department": "Val-d'Oise", "lat": 48.9474, "lon": 2.2467, "type": "city" },
  { "name": "Montreuil", "postcode": "93100", "department": "Seine-Saint-Denis", "lat": 48.8634, "lon": 2.4444, "type": "city" },
  { "name": "Saint-Denis", "postcode": "93200", "department": "Seine-Saint-Denis", "lat": 48.9362, "lon": 2.3574, "type": "city" },
  { "name": "Roubaix", "postcode": "59100", "department": "Nord", "lat": 50.6942, "lon": 3.1746, "type": "city" },
  { "name": "Tourcoing", "postcode": "59200", "department": "Nord", "lat": 50.7236, "lon": 3.1609, "type": "city" },
  { "name": "Nanterre", "postcode": "92000", "department": "Hauts-de-Seine", "lat": 48.8925, "lon": 2.2069, "type": "city" },
  { "name": "Avignon", "postcode": "84000", "department": "Vaucluse", "lat": 43.9493, "lon": 4.8055, "type": "city" },
  { "name": "Créteil", "postcode": "94000", "department": "Val-de-Marne", "lat": 48.7903, "lon": 2.4555, "type": "city" },
  { "name": "Poitiers", "postcode": "86000", "department": "Vienne", "lat": 46.5802, "lon": 0.3404, "type": "city" },
  { "name": "Versailles", "postcode": "78000", "department": "Yvelines", "lat": 48.8049, "lon": 2.1204, "type": "city" },
  { "name": "Courbevoie", "postcode": "92400", "department": "Hauts-de-Seine", "lat": 48.8979, "lon": 2.2537, "type": "city" },
  { "name": "Vitry-sur-Seine", "postcode": "94400", "department": "Val-de-Marne", "lat": 48.7873, "lon": 2.3935, "type": "city" },
  { "name": "Colombes", "postcode": "92700", "department": "Hauts-de-Seine", "lat": 48.9226, "lon": 2.2519, "type": "city" },
  { "name": "Aulnay-sous-Bois", "postcode": "93600", "department": "Seine-Saint-Denis", "lat": 48.9534, "lon": 2.4954, "type": "city" },
  { "name": "Asnières-sur-Seine", "postcode": "92600", "department": "Hauts-de-Seine", "lat": 48.9143, "lon": 2.2857, "type": "city" },
  { "name": "Rueil-Malmaison", "postcode": "92500", "department": "Hauts-de-Seine", "lat": 48.8773, "lon": 2.186, "type": "city" },
  { "name": "Pau", "postcode": "64000", "department": "Pyrénées-Atlantiques", "lat": 43.2951, "lon": -0.3708, "type": "city" },
  { "name": "La Rochelle", "postcode": "17000", "department": "Charente-Maritime", "lat": 46.1603, "lon": -1.1511, "type": "city" },
  { "name": "Antibes", "postcode": "06600", "department": "Alpes-Maritimes", "lat": 43.5808, "lon": 7.1239, "type": "city" },
  { "name": "Cannes", "postcode": "06400", "department": "Alpes-Maritimes", "lat": 43.5528, "lon": 7.0174, "type": "city" },
  { "name": "Calais", "postcode": "62100", "department": "Pas-de-Calais", "lat": 50.9513, "lon": 1.8587, "type": "city" },
  { "name": "Colmar", "postcode": "68000", "department": "Haut-Rhin", "lat": 48.0793, "lon": 7.358, "type": "city" },
  { "name": "Bourges", "postcode": "18000", "department": "Cher", "lat": 47.0844, "lon": 2.3964, "type": "city" },
  { "name": "Quimper", "postcode": "29000", "department": "Finistère", "lat": 47.996, "lon": -4.0977, "type": "city" },
  { "name": "Valence", "postcode": "26000", "department": "Drôme", "lat": 44.9334, "lon": 4.8924, "type": "city" },
  { "name": "Troyes", "postcode": "10000", "department": "Aube", "lat": 48.2973, "lon": 4.0744, "type": "city" },
  { "name": "Dunkerque", "postcode": "59140", "department": "Nord", "lat": 51.0343, "lon": 2.3768, "type": "city" },
  { "name": "Ajaccio", "postcode": "20000", "department": "Corse-du-Sud", "lat": 41.9267, "lon": 8.7369, "type": "city" },
  { "name": "Chambéry", "postcode": "73000", "department": "Savoie", "lat": 45.5646, "lon": 5.9178, "type": "city" }
]
